2025-06-27T10:06:04.042464Z,nv_cpu_memory_total_bytes,6687541568.81
2025-06-27T10:07:04.042464Z,nv_cpu_memory_total_bytes,9859324536.04
2025-06-27T10:08:04.042464Z,nv_cpu_memory_total_bytes,8084765073.3
2025-06-27T10:09:04.042464Z,nv_cpu_memory_total_bytes,9800624112.85
2025-06-27T10:10:04.042464Z,nv_cpu_memory_total_bytes,7338040680.86
2025-06-27T10:11:04.042464Z,nv_cpu_memory_total_bytes,7838081374.49
2025-06-27T10:12:04.042464Z,nv_cpu_memory_total_bytes,9197096429.23
2025-06-27T10:13:04.042464Z,nv_cpu_memory_total_bytes,8076191257.43
2025-06-27T10:14:04.042464Z,nv_cpu_memory_total_bytes,7355648357.47
2025-06-27T10:15:04.042464Z,nv_cpu_memory_total_bytes,9270305961.87
2025-06-27T10:16:04.042464Z,nv_cpu_memory_total_bytes,7635946861.78
2025-06-27T10:17:04.042464Z,nv_cpu_memory_total_bytes,9891934317.11
2025-06-27T10:18:04.042464Z,nv_cpu_memory_total_bytes,8063184885.0
2025-06-27T10:19:04.042464Z,nv_cpu_memory_total_bytes,8622172720.49
2025-06-27T10:20:04.042464Z,nv_cpu_memory_total_bytes,9839172672.11
2025-06-27T10:21:04.042464Z,nv_cpu_memory_total_bytes,9187504967.01
2025-06-27T10:22:04.042464Z,nv_cpu_memory_total_bytes,9473893251.58
2025-06-27T10:23:04.042464Z,nv_cpu_memory_total_bytes,9344234250.73
2025-06-27T10:24:04.042464Z,nv_cpu_memory_total_bytes,9455425521.52
2025-06-27T10:25:04.042464Z,nv_cpu_memory_total_bytes,6977402875.07
2025-06-27T10:26:04.042464Z,nv_cpu_memory_total_bytes,7021757551.67
2025-06-27T10:27:04.042464Z,nv_cpu_memory_total_bytes,7453860133.87
2025-06-27T10:28:04.042464Z,nv_cpu_memory_total_bytes,8222561617.52
2025-06-27T10:29:04.042464Z,nv_cpu_memory_total_bytes,8818569119.33
2025-06-27T10:30:04.042464Z,nv_cpu_memory_total_bytes,8813543006.2
2025-06-27T10:31:04.042464Z,nv_cpu_memory_total_bytes,7873659042.39
2025-06-27T10:32:04.042464Z,nv_cpu_memory_total_bytes,7988462489.07
2025-06-27T10:33:04.042464Z,nv_cpu_memory_total_bytes,8473434128.85
2025-06-27T10:34:04.042464Z,nv_cpu_memory_total_bytes,9376306575.59
2025-06-27T10:35:04.042464Z,nv_cpu_memory_total_bytes,7576723631.15
2025-06-27T10:36:04.042464Z,nv_cpu_memory_total_bytes,9071783003.4
2025-06-27T10:37:04.042464Z,nv_cpu_memory_total_bytes,9276840494.34
2025-06-27T10:38:04.042464Z,nv_cpu_memory_total_bytes,7719903708.99
2025-06-27T10:39:04.042464Z,nv_cpu_memory_total_bytes,7006376414.5
2025-06-27T10:40:04.042464Z,nv_cpu_memory_total_bytes,9007622703.13
2025-06-27T10:41:04.042464Z,nv_cpu_memory_total_bytes,9793170407.24
2025-06-27T10:42:04.042464Z,nv_cpu_memory_total_bytes,8339378295.16
2025-06-27T10:43:04.042464Z,nv_cpu_memory_total_bytes,9692584185.65
2025-06-27T10:44:04.042464Z,nv_cpu_memory_total_bytes,9225563712.31
2025-06-27T10:45:04.042464Z,nv_cpu_memory_total_bytes,8623625132.85
2025-06-27T10:46:04.042464Z,nv_cpu_memory_total_bytes,7501162042.77
2025-06-27T10:47:04.042464Z,nv_cpu_memory_total_bytes,8545923332.61
2025-06-27T10:48:04.042464Z,nv_cpu_memory_total_bytes,7169386174.02
2025-06-27T10:49:04.042464Z,nv_cpu_memory_total_bytes,8915391963.46
2025-06-27T10:50:04.042464Z,nv_cpu_memory_total_bytes,7428906740.17
2025-06-27T10:51:04.042464Z,nv_cpu_memory_total_bytes,8770860181.0
2025-06-27T10:52:04.042464Z,nv_cpu_memory_total_bytes,7859938731.89
2025-06-27T10:53:04.042464Z,nv_cpu_memory_total_bytes,9093274530.6
2025-06-27T10:54:04.042464Z,nv_cpu_memory_total_bytes,7450004052.49
2025-06-27T10:55:04.042464Z,nv_cpu_memory_total_bytes,9146338928.11
2025-06-27T10:06:04.042464Z,nv_cpu_memory_used_bytes,671439665.13
2025-06-27T10:07:04.042464Z,nv_cpu_memory_used_bytes,580628706.11
2025-06-27T10:08:04.042464Z,nv_cpu_memory_used_bytes,596771937.64
2025-06-27T10:09:04.042464Z,nv_cpu_memory_used_bytes,637113443.83
2025-06-27T10:10:04.042464Z,nv_cpu_memory_used_bytes,750478206.98
2025-06-27T10:11:04.042464Z,nv_cpu_memory_used_bytes,526944218.07
2025-06-27T10:12:04.042464Z,nv_cpu_memory_used_bytes,575714078.92
2025-06-27T10:13:04.042464Z,nv_cpu_memory_used_bytes,627834776.76
2025-06-27T10:14:04.042464Z,nv_cpu_memory_used_bytes,570342593.87
2025-06-27T10:15:04.042464Z,nv_cpu_memory_used_bytes,716532972.33
2025-06-27T10:16:04.042464Z,nv_cpu_memory_used_bytes,577449728.25
2025-06-27T10:17:04.042464Z,nv_cpu_memory_used_bytes,735558045.74
2025-06-27T10:18:04.042464Z,nv_cpu_memory_used_bytes,597977087.84
2025-06-27T10:19:04.042464Z,nv_cpu_memory_used_bytes,715964852.03
2025-06-27T10:20:04.042464Z,nv_cpu_memory_used_bytes,671892722.72
2025-06-27T10:21:04.042464Z,nv_cpu_memory_used_bytes,737597038.71
2025-06-27T10:22:04.042464Z,nv_cpu_memory_used_bytes,527255915.59
2025-06-27T10:23:04.042464Z,nv_cpu_memory_used_bytes,587539634.06
2025-06-27T10:24:04.042464Z,nv_cpu_memory_used_bytes,692738102.23
2025-06-27T10:25:04.042464Z,nv_cpu_memory_used_bytes,514268267.04
2025-06-27T10:26:04.042464Z,nv_cpu_memory_used_bytes,537548807.73
2025-06-27T10:27:04.042464Z,nv_cpu_memory_used_bytes,715052646.45
2025-06-27T10:28:04.042464Z,nv_cpu_memory_used_bytes,588316419.62
2025-06-27T10:29:04.042464Z,nv_cpu_memory_used_bytes,532110404.18
2025-06-27T10:30:04.042464Z,nv_cpu_memory_used_bytes,538885337.97
2025-06-27T10:31:04.042464Z,nv_cpu_memory_used_bytes,598753188.15
2025-06-27T10:32:04.042464Z,nv_cpu_memory_used_bytes,601580793.59
2025-06-27T10:33:04.042464Z,nv_cpu_memory_used_bytes,599354388.55
2025-06-27T10:34:04.042464Z,nv_cpu_memory_used_bytes,660121001.41
2025-06-27T10:35:04.042464Z,nv_cpu_memory_used_bytes,574673821.12
2025-06-27T10:36:04.042464Z,nv_cpu_memory_used_bytes,580323355.81
2025-06-27T10:37:04.042464Z,nv_cpu_memory_used_bytes,545188567.54
2025-06-27T10:38:04.042464Z,nv_cpu_memory_used_bytes,682954950.64
2025-06-27T10:39:04.042464Z,nv_cpu_memory_used_bytes,652652637.6
2025-06-27T10:40:04.042464Z,nv_cpu_memory_used_bytes,689243154.27
2025-06-27T10:41:04.042464Z,nv_cpu_memory_used_bytes,539118700.29
2025-06-27T10:42:04.042464Z,nv_cpu_memory_used_bytes,657126418.49
2025-06-27T10:43:04.042464Z,nv_cpu_memory_used_bytes,710746555.52
2025-06-27T10:44:04.042464Z,nv_cpu_memory_used_bytes,512992873.7
2025-06-27T10:45:04.042464Z,nv_cpu_memory_used_bytes,561433356.32
2025-06-27T10:46:04.042464Z,nv_cpu_memory_used_bytes,661916032.39
2025-06-27T10:47:04.042464Z,nv_cpu_memory_used_bytes,543266478.24
2025-06-27T10:48:04.042464Z,nv_cpu_memory_used_bytes,628439080.78
2025-06-27T10:49:04.042464Z,nv_cpu_memory_used_bytes,674510821.3
2025-06-27T10:50:04.042464Z,nv_cpu_memory_used_bytes,576989103.47
2025-06-27T10:51:04.042464Z,nv_cpu_memory_used_bytes,722149960.52
2025-06-27T10:52:04.042464Z,nv_cpu_memory_used_bytes,557022057.53
2025-06-27T10:53:04.042464Z,nv_cpu_memory_used_bytes,612243525.05
2025-06-27T10:54:04.042464Z,nv_cpu_memory_used_bytes,639334137.28
2025-06-27T10:55:04.042464Z,nv_cpu_memory_used_bytes,539448658.78
2025-06-27T10:06:04.042464Z,nv_cpu_utilization,0.0
2025-06-27T10:07:04.042464Z,nv_cpu_utilization,0.0
2025-06-27T10:08:04.042464Z,nv_cpu_utilization,0.0
2025-06-27T10:09:04.042464Z,nv_cpu_utilization,0.0
2025-06-27T10:10:04.042464Z,nv_cpu_utilization,0.0
2025-06-27T10:11:04.042464Z,nv_cpu_utilization,0.0
2025-06-27T10:12:04.042464Z,nv_cpu_utilization,0.0
2025-06-27T10:13:04.042464Z,nv_cpu_utilization,0.0
2025-06-27T10:14:04.042464Z,nv_cpu_utilization,0.0
2025-06-27T10:15:04.042464Z,nv_cpu_utilization,0.0
2025-06-27T10:16:04.042464Z,nv_cpu_utilization,0.0
2025-06-27T10:17:04.042464Z,nv_cpu_utilization,0.0
2025-06-27T10:18:04.042464Z,nv_cpu_utilization,0.0
2025-06-27T10:19:04.042464Z,nv_cpu_utilization,0.0
2025-06-27T10:20:04.042464Z,nv_cpu_utilization,0.0
2025-06-27T10:21:04.042464Z,nv_cpu_utilization,0.0
2025-06-27T10:22:04.042464Z,nv_cpu_utilization,0.0
2025-06-27T10:23:04.042464Z,nv_cpu_utilization,0.0
2025-06-27T10:24:04.042464Z,nv_cpu_utilization,0.0
2025-06-27T10:25:04.042464Z,nv_cpu_utilization,0.0
2025-06-27T10:26:04.042464Z,nv_cpu_utilization,0.0
2025-06-27T10:27:04.042464Z,nv_cpu_utilization,0.0
2025-06-27T10:28:04.042464Z,nv_cpu_utilization,0.0
2025-06-27T10:29:04.042464Z,nv_cpu_utilization,0.0
2025-06-27T10:30:04.042464Z,nv_cpu_utilization,0.0
2025-06-27T10:31:04.042464Z,nv_cpu_utilization,0.0
2025-06-27T10:32:04.042464Z,nv_cpu_utilization,0.0
2025-06-27T10:33:04.042464Z,nv_cpu_utilization,0.0
2025-06-27T10:34:04.042464Z,nv_cpu_utilization,0.0
2025-06-27T10:35:04.042464Z,nv_cpu_utilization,0.0
2025-06-27T10:36:04.042464Z,nv_cpu_utilization,0.0
2025-06-27T10:37:04.042464Z,nv_cpu_utilization,0.0
2025-06-27T10:38:04.042464Z,nv_cpu_utilization,0.0
2025-06-27T10:39:04.042464Z,nv_cpu_utilization,0.0
2025-06-27T10:40:04.042464Z,nv_cpu_utilization,0.0
2025-06-27T10:41:04.042464Z,nv_cpu_utilization,0.0
2025-06-27T10:42:04.042464Z,nv_cpu_utilization,0.0
2025-06-27T10:43:04.042464Z,nv_cpu_utilization,0.0
2025-06-27T10:44:04.042464Z,nv_cpu_utilization,0.0
2025-06-27T10:45:04.042464Z,nv_cpu_utilization,0.0
2025-06-27T10:46:04.042464Z,nv_cpu_utilization,0.0
2025-06-27T10:47:04.042464Z,nv_cpu_utilization,0.0
2025-06-27T10:48:04.042464Z,nv_cpu_utilization,0.0
2025-06-27T10:49:04.042464Z,nv_cpu_utilization,0.0
2025-06-27T10:50:04.042464Z,nv_cpu_utilization,0.0
2025-06-27T10:51:04.042464Z,nv_cpu_utilization,0.0
2025-06-27T10:52:04.042464Z,nv_cpu_utilization,0.0
2025-06-27T10:53:04.042464Z,nv_cpu_utilization,0.0
2025-06-27T10:54:04.042464Z,nv_cpu_utilization,0.0
2025-06-27T10:55:04.042464Z,nv_cpu_utilization,0.0
2025-06-27T10:06:04.042464Z,nv_inference_compute_infer_duration_us,147518.95
2025-06-27T10:07:04.042464Z,nv_inference_compute_infer_duration_us,139438.06
2025-06-27T10:08:04.042464Z,nv_inference_compute_infer_duration_us,143790.26
2025-06-27T10:09:04.042464Z,nv_inference_compute_infer_duration_us,143377.66
2025-06-27T10:10:04.042464Z,nv_inference_compute_infer_duration_us,144539.93
2025-06-27T10:11:04.042464Z,nv_inference_compute_infer_duration_us,134995.38
2025-06-27T10:12:04.042464Z,nv_inference_compute_infer_duration_us,152576.65
2025-06-27T10:13:04.042464Z,nv_inference_compute_infer_duration_us,120726.71
2025-06-27T10:14:04.042464Z,nv_inference_compute_infer_duration_us,115117.13
2025-06-27T10:15:04.042464Z,nv_inference_compute_infer_duration_us,132921.19
2025-06-27T10:16:04.042464Z,nv_inference_compute_infer_duration_us,113731.72
2025-06-27T10:17:04.042464Z,nv_inference_compute_infer_duration_us,127940.38
2025-06-27T10:18:04.042464Z,nv_inference_compute_infer_duration_us,140602.98
2025-06-27T10:19:04.042464Z,nv_inference_compute_infer_duration_us,118088.52
2025-06-27T10:20:04.042464Z,nv_inference_compute_infer_duration_us,129831.82
2025-06-27T10:21:04.042464Z,nv_inference_compute_infer_duration_us,116024.45
2025-06-27T10:22:04.042464Z,nv_inference_compute_infer_duration_us,118009.1
2025-06-27T10:23:04.042464Z,nv_inference_compute_infer_duration_us,141690.23
2025-06-27T10:24:04.042464Z,nv_inference_compute_infer_duration_us,132395.8
2025-06-27T10:25:04.042464Z,nv_inference_compute_infer_duration_us,115117.03
2025-06-27T10:26:04.042464Z,nv_inference_compute_infer_duration_us,141468.58
2025-06-27T10:27:04.042464Z,nv_inference_compute_infer_duration_us,128962.23
2025-06-27T10:28:04.042464Z,nv_inference_compute_infer_duration_us,150299.04
2025-06-27T10:29:04.042464Z,nv_inference_compute_infer_duration_us,135671.79
2025-06-27T10:30:04.042464Z,nv_inference_compute_infer_duration_us,104767.83
2025-06-27T10:31:04.042464Z,nv_inference_compute_infer_duration_us,106087.4
2025-06-27T10:32:04.042464Z,nv_inference_compute_infer_duration_us,110947.3
2025-06-27T10:33:04.042464Z,nv_inference_compute_infer_duration_us,130512.9
2025-06-27T10:34:04.042464Z,nv_inference_compute_infer_duration_us,119490.73
2025-06-27T10:35:04.042464Z,nv_inference_compute_infer_duration_us,153699.42
2025-06-27T10:36:04.042464Z,nv_inference_compute_infer_duration_us,140793.16
2025-06-27T10:37:04.042464Z,nv_inference_compute_infer_duration_us,106032.03
2025-06-27T10:38:04.042464Z,nv_inference_compute_infer_duration_us,147810.18
2025-06-27T10:39:04.042464Z,nv_inference_compute_infer_duration_us,128896.32
2025-06-27T10:40:04.042464Z,nv_inference_compute_infer_duration_us,137411.48
2025-06-27T10:41:04.042464Z,nv_inference_compute_infer_duration_us,129725.23
2025-06-27T10:42:04.042464Z,nv_inference_compute_infer_duration_us,152099.87
2025-06-27T10:43:04.042464Z,nv_inference_compute_infer_duration_us,113400.95
2025-06-27T10:44:04.042464Z,nv_inference_compute_infer_duration_us,148106.66
2025-06-27T10:45:04.042464Z,nv_inference_compute_infer_duration_us,155576.06
2025-06-27T10:46:04.042464Z,nv_inference_compute_infer_duration_us,142387.01
2025-06-27T10:47:04.042464Z,nv_inference_compute_infer_duration_us,133044.45
2025-06-27T10:48:04.042464Z,nv_inference_compute_infer_duration_us,141584.72
2025-06-27T10:49:04.042464Z,nv_inference_compute_infer_duration_us,134157.6
2025-06-27T10:50:04.042464Z,nv_inference_compute_infer_duration_us,127384.27
2025-06-27T10:51:04.042464Z,nv_inference_compute_infer_duration_us,128191.05
2025-06-27T10:52:04.042464Z,nv_inference_compute_infer_duration_us,128776.04
2025-06-27T10:53:04.042464Z,nv_inference_compute_infer_duration_us,142648.4
2025-06-27T10:54:04.042464Z,nv_inference_compute_infer_duration_us,134539.47
2025-06-27T10:55:04.042464Z,nv_inference_compute_infer_duration_us,116363.39
2025-06-27T10:06:04.042464Z,nv_inference_compute_infer_summary_us_count,1.07
2025-06-27T10:07:04.042464Z,nv_inference_compute_infer_summary_us_count,1.04
2025-06-27T10:08:04.042464Z,nv_inference_compute_infer_summary_us_count,1.11
2025-06-27T10:09:04.042464Z,nv_inference_compute_infer_summary_us_count,0.93
2025-06-27T10:10:04.042464Z,nv_inference_compute_infer_summary_us_count,0.95
2025-06-27T10:11:04.042464Z,nv_inference_compute_infer_summary_us_count,1.07
2025-06-27T10:12:04.042464Z,nv_inference_compute_infer_summary_us_count,1.03
2025-06-27T10:13:04.042464Z,nv_inference_compute_infer_summary_us_count,1.14
2025-06-27T10:14:04.042464Z,nv_inference_compute_infer_summary_us_count,1.17
2025-06-27T10:15:04.042464Z,nv_inference_compute_infer_summary_us_count,0.85
2025-06-27T10:16:04.042464Z,nv_inference_compute_infer_summary_us_count,0.81
2025-06-27T10:17:04.042464Z,nv_inference_compute_infer_summary_us_count,0.9
2025-06-27T10:18:04.042464Z,nv_inference_compute_infer_summary_us_count,0.95
2025-06-27T10:19:04.042464Z,nv_inference_compute_infer_summary_us_count,0.99
2025-06-27T10:20:04.042464Z,nv_inference_compute_infer_summary_us_count,1.11
2025-06-27T10:21:04.042464Z,nv_inference_compute_infer_summary_us_count,0.99
2025-06-27T10:22:04.042464Z,nv_inference_compute_infer_summary_us_count,0.95
2025-06-27T10:23:04.042464Z,nv_inference_compute_infer_summary_us_count,1.07
2025-06-27T10:24:04.042464Z,nv_inference_compute_infer_summary_us_count,1.1
2025-06-27T10:25:04.042464Z,nv_inference_compute_infer_summary_us_count,1.17
2025-06-27T10:26:04.042464Z,nv_inference_compute_infer_summary_us_count,1.14
2025-06-27T10:27:04.042464Z,nv_inference_compute_infer_summary_us_count,0.81
2025-06-27T10:28:04.042464Z,nv_inference_compute_infer_summary_us_count,0.86
2025-06-27T10:29:04.042464Z,nv_inference_compute_infer_summary_us_count,0.95
2025-06-27T10:30:04.042464Z,nv_inference_compute_infer_summary_us_count,0.85
2025-06-27T10:31:04.042464Z,nv_inference_compute_infer_summary_us_count,1.11
2025-06-27T10:32:04.042464Z,nv_inference_compute_infer_summary_us_count,1.08
2025-06-27T10:33:04.042464Z,nv_inference_compute_infer_summary_us_count,0.81
2025-06-27T10:34:04.042464Z,nv_inference_compute_infer_summary_us_count,1.13
2025-06-27T10:35:04.042464Z,nv_inference_compute_infer_summary_us_count,0.86
2025-06-27T10:36:04.042464Z,nv_inference_compute_infer_summary_us_count,0.96
2025-06-27T10:37:04.042464Z,nv_inference_compute_infer_summary_us_count,0.81
2025-06-27T10:38:04.042464Z,nv_inference_compute_infer_summary_us_count,0.97
2025-06-27T10:39:04.042464Z,nv_inference_compute_infer_summary_us_count,0.98
2025-06-27T10:40:04.042464Z,nv_inference_compute_infer_summary_us_count,1.04
2025-06-27T10:41:04.042464Z,nv_inference_compute_infer_summary_us_count,1.11
2025-06-27T10:42:04.042464Z,nv_inference_compute_infer_summary_us_count,0.89
2025-06-27T10:43:04.042464Z,nv_inference_compute_infer_summary_us_count,1.2
2025-06-27T10:44:04.042464Z,nv_inference_compute_infer_summary_us_count,0.86
2025-06-27T10:45:04.042464Z,nv_inference_compute_infer_summary_us_count,0.97
2025-06-27T10:46:04.042464Z,nv_inference_compute_infer_summary_us_count,0.92
2025-06-27T10:47:04.042464Z,nv_inference_compute_infer_summary_us_count,1.0
2025-06-27T10:48:04.042464Z,nv_inference_compute_infer_summary_us_count,1.17
2025-06-27T10:49:04.042464Z,nv_inference_compute_infer_summary_us_count,0.98
2025-06-27T10:50:04.042464Z,nv_inference_compute_infer_summary_us_count,0.95
2025-06-27T10:51:04.042464Z,nv_inference_compute_infer_summary_us_count,1.07
2025-06-27T10:52:04.042464Z,nv_inference_compute_infer_summary_us_count,0.86
2025-06-27T10:53:04.042464Z,nv_inference_compute_infer_summary_us_count,0.82
2025-06-27T10:54:04.042464Z,nv_inference_compute_infer_summary_us_count,1.04
2025-06-27T10:55:04.042464Z,nv_inference_compute_infer_summary_us_count,0.95
2025-06-27T10:06:04.042464Z,nv_inference_compute_infer_summary_us_sum,145573.17
2025-06-27T10:07:04.042464Z,nv_inference_compute_infer_summary_us_sum,119013.95
2025-06-27T10:08:04.042464Z,nv_inference_compute_infer_summary_us_sum,114606.42
2025-06-27T10:09:04.042464Z,nv_inference_compute_infer_summary_us_sum,124428.65
2025-06-27T10:10:04.042464Z,nv_inference_compute_infer_summary_us_sum,124993.84
2025-06-27T10:11:04.042464Z,nv_inference_compute_infer_summary_us_sum,133722.22
2025-06-27T10:12:04.042464Z,nv_inference_compute_infer_summary_us_sum,109002.69
2025-06-27T10:13:04.042464Z,nv_inference_compute_infer_summary_us_sum,137362.57
2025-06-27T10:14:04.042464Z,nv_inference_compute_infer_summary_us_sum,147056.33
2025-06-27T10:15:04.042464Z,nv_inference_compute_infer_summary_us_sum,110815.21
2025-06-27T10:16:04.042464Z,nv_inference_compute_infer_summary_us_sum,142737.88
2025-06-27T10:17:04.042464Z,nv_inference_compute_infer_summary_us_sum,125990.26
2025-06-27T10:18:04.042464Z,nv_inference_compute_infer_summary_us_sum,120243.97
2025-06-27T10:19:04.042464Z,nv_inference_compute_infer_summary_us_sum,141265.23
2025-06-27T10:20:04.042464Z,nv_inference_compute_infer_summary_us_sum,120566.12
2025-06-27T10:21:04.042464Z,nv_inference_compute_infer_summary_us_sum,106497.6
2025-06-27T10:22:04.042464Z,nv_inference_compute_infer_summary_us_sum,122741.33
2025-06-27T10:23:04.042464Z,nv_inference_compute_infer_summary_us_sum,112875.26
2025-06-27T10:24:04.042464Z,nv_inference_compute_infer_summary_us_sum,135543.96
2025-06-27T10:25:04.042464Z,nv_inference_compute_infer_summary_us_sum,149020.12
2025-06-27T10:26:04.042464Z,nv_inference_compute_infer_summary_us_sum,112695.83
2025-06-27T10:27:04.042464Z,nv_inference_compute_infer_summary_us_sum,133647.05
2025-06-27T10:28:04.042464Z,nv_inference_compute_infer_summary_us_sum,132547.86
2025-06-27T10:29:04.042464Z,nv_inference_compute_infer_summary_us_sum,123622.41
2025-06-27T10:30:04.042464Z,nv_inference_compute_infer_summary_us_sum,144579.77
2025-06-27T10:31:04.042464Z,nv_inference_compute_infer_summary_us_sum,112824.59
2025-06-27T10:32:04.042464Z,nv_inference_compute_infer_summary_us_sum,127907.68
2025-06-27T10:33:04.042464Z,nv_inference_compute_infer_summary_us_sum,146732.5
2025-06-27T10:34:04.042464Z,nv_inference_compute_infer_summary_us_sum,123348.08
2025-06-27T10:35:04.042464Z,nv_inference_compute_infer_summary_us_sum,116559.78
2025-06-27T10:36:04.042464Z,nv_inference_compute_infer_summary_us_sum,123676.62
2025-06-27T10:37:04.042464Z,nv_inference_compute_infer_summary_us_sum,119357.32
2025-06-27T10:38:04.042464Z,nv_inference_compute_infer_summary_us_sum,143859.85
2025-06-27T10:39:04.042464Z,nv_inference_compute_infer_summary_us_sum,114434.51
2025-06-27T10:40:04.042464Z,nv_inference_compute_infer_summary_us_sum,134715.2
2025-06-27T10:41:04.042464Z,nv_inference_compute_infer_summary_us_sum,126720.1
2025-06-27T10:42:04.042464Z,nv_inference_compute_infer_summary_us_sum,115574.15
2025-06-27T10:43:04.042464Z,nv_inference_compute_infer_summary_us_sum,137021.56
2025-06-27T10:44:04.042464Z,nv_inference_compute_infer_summary_us_sum,130797.2
2025-06-27T10:45:04.042464Z,nv_inference_compute_infer_summary_us_sum,141790.73
2025-06-27T10:46:04.042464Z,nv_inference_compute_infer_summary_us_sum,131095.07
2025-06-27T10:47:04.042464Z,nv_inference_compute_infer_summary_us_sum,141750.32
2025-06-27T10:48:04.042464Z,nv_inference_compute_infer_summary_us_sum,123429.61
2025-06-27T10:49:04.042464Z,nv_inference_compute_infer_summary_us_sum,138035.22
2025-06-27T10:50:04.042464Z,nv_inference_compute_infer_summary_us_sum,109107.03
2025-06-27T10:51:04.042464Z,nv_inference_compute_infer_summary_us_sum,144506.17
2025-06-27T10:52:04.042464Z,nv_inference_compute_infer_summary_us_sum,110424.76
2025-06-27T10:53:04.042464Z,nv_inference_compute_infer_summary_us_sum,106733.76
2025-06-27T10:54:04.042464Z,nv_inference_compute_infer_summary_us_sum,125805.2
2025-06-27T10:55:04.042464Z,nv_inference_compute_infer_summary_us_sum,110084.2
2025-06-27T10:06:04.042464Z,nv_inference_compute_input_duration_us,1316.8
2025-06-27T10:07:04.042464Z,nv_inference_compute_input_duration_us,1360.23
2025-06-27T10:08:04.042464Z,nv_inference_compute_input_duration_us,1351.29
2025-06-27T10:09:04.042464Z,nv_inference_compute_input_duration_us,1410.16
2025-06-27T10:10:04.042464Z,nv_inference_compute_input_duration_us,1012.01
2025-06-27T10:11:04.042464Z,nv_inference_compute_input_duration_us,1327.01
2025-06-27T10:12:04.042464Z,nv_inference_compute_input_duration_us,1130.91
2025-06-27T10:13:04.042464Z,nv_inference_compute_input_duration_us,1060.64
2025-06-27T10:14:04.042464Z,nv_inference_compute_input_duration_us,1085.41
2025-06-27T10:15:04.042464Z,nv_inference_compute_input_duration_us,1008.62
2025-06-27T10:16:04.042464Z,nv_inference_compute_input_duration_us,968.0
2025-06-27T10:17:04.042464Z,nv_inference_compute_input_duration_us,1396.38
2025-06-27T10:18:04.042464Z,nv_inference_compute_input_duration_us,1398.8
2025-06-27T10:19:04.042464Z,nv_inference_compute_input_duration_us,1101.25
2025-06-27T10:20:04.042464Z,nv_inference_compute_input_duration_us,1107.83
2025-06-27T10:21:04.042464Z,nv_inference_compute_input_duration_us,1055.58
2025-06-27T10:22:04.042464Z,nv_inference_compute_input_duration_us,1069.92
2025-06-27T10:23:04.042464Z,nv_inference_compute_input_duration_us,1121.49
2025-06-27T10:24:04.042464Z,nv_inference_compute_input_duration_us,1165.64
2025-06-27T10:25:04.042464Z,nv_inference_compute_input_duration_us,972.41
2025-06-27T10:26:04.042464Z,nv_inference_compute_input_duration_us,1041.91
2025-06-27T10:27:04.042464Z,nv_inference_compute_input_duration_us,1070.55
2025-06-27T10:28:04.042464Z,nv_inference_compute_input_duration_us,1213.25
2025-06-27T10:29:04.042464Z,nv_inference_compute_input_duration_us,1174.19
2025-06-27T10:30:04.042464Z,nv_inference_compute_input_duration_us,1339.24
2025-06-27T10:31:04.042464Z,nv_inference_compute_input_duration_us,1029.69
2025-06-27T10:32:04.042464Z,nv_inference_compute_input_duration_us,1022.35
2025-06-27T10:33:04.042464Z,nv_inference_compute_input_duration_us,1352.01
2025-06-27T10:34:04.042464Z,nv_inference_compute_input_duration_us,1171.28
2025-06-27T10:35:04.042464Z,nv_inference_compute_input_duration_us,1342.02
2025-06-27T10:36:04.042464Z,nv_inference_compute_input_duration_us,980.06
2025-06-27T10:37:04.042464Z,nv_inference_compute_input_duration_us,1163.26
2025-06-27T10:38:04.042464Z,nv_inference_compute_input_duration_us,1103.72
2025-06-27T10:39:04.042464Z,nv_inference_compute_input_duration_us,1150.75
2025-06-27T10:40:04.042464Z,nv_inference_compute_input_duration_us,1073.99
2025-06-27T10:41:04.042464Z,nv_inference_compute_input_duration_us,1151.62
2025-06-27T10:42:04.042464Z,nv_inference_compute_input_duration_us,1156.21
2025-06-27T10:43:04.042464Z,nv_inference_compute_input_duration_us,1114.19
2025-06-27T10:44:04.042464Z,nv_inference_compute_input_duration_us,1182.68
2025-06-27T10:45:04.042464Z,nv_inference_compute_input_duration_us,1063.99
2025-06-27T10:46:04.042464Z,nv_inference_compute_input_duration_us,1285.42
2025-06-27T10:47:04.042464Z,nv_inference_compute_input_duration_us,1096.24
2025-06-27T10:48:04.042464Z,nv_inference_compute_input_duration_us,1215.57
2025-06-27T10:49:04.042464Z,nv_inference_compute_input_duration_us,967.07
2025-06-27T10:50:04.042464Z,nv_inference_compute_input_duration_us,1301.19
2025-06-27T10:51:04.042464Z,nv_inference_compute_input_duration_us,988.78
2025-06-27T10:52:04.042464Z,nv_inference_compute_input_duration_us,1080.5
2025-06-27T10:53:04.042464Z,nv_inference_compute_input_duration_us,997.93
2025-06-27T10:54:04.042464Z,nv_inference_compute_input_duration_us,988.81
2025-06-27T10:55:04.042464Z,nv_inference_compute_input_duration_us,1188.03
2025-06-27T10:06:04.042464Z,nv_inference_compute_input_summary_us_count,1.16
2025-06-27T10:07:04.042464Z,nv_inference_compute_input_summary_us_count,1.06
2025-06-27T10:08:04.042464Z,nv_inference_compute_input_summary_us_count,1.17
2025-06-27T10:09:04.042464Z,nv_inference_compute_input_summary_us_count,1.18
2025-06-27T10:10:04.042464Z,nv_inference_compute_input_summary_us_count,0.95
2025-06-27T10:11:04.042464Z,nv_inference_compute_input_summary_us_count,0.86
2025-06-27T10:12:04.042464Z,nv_inference_compute_input_summary_us_count,1.01
2025-06-27T10:13:04.042464Z,nv_inference_compute_input_summary_us_count,1.14
2025-06-27T10:14:04.042464Z,nv_inference_compute_input_summary_us_count,1.14
2025-06-27T10:15:04.042464Z,nv_inference_compute_input_summary_us_count,0.83
2025-06-27T10:16:04.042464Z,nv_inference_compute_input_summary_us_count,0.91
2025-06-27T10:17:04.042464Z,nv_inference_compute_input_summary_us_count,0.94
2025-06-27T10:18:04.042464Z,nv_inference_compute_input_summary_us_count,0.9
2025-06-27T10:19:04.042464Z,nv_inference_compute_input_summary_us_count,1.15
2025-06-27T10:20:04.042464Z,nv_inference_compute_input_summary_us_count,1.08
2025-06-27T10:21:04.042464Z,nv_inference_compute_input_summary_us_count,1.11
2025-06-27T10:22:04.042464Z,nv_inference_compute_input_summary_us_count,1.1
2025-06-27T10:23:04.042464Z,nv_inference_compute_input_summary_us_count,1.19
2025-06-27T10:24:04.042464Z,nv_inference_compute_input_summary_us_count,1.06
2025-06-27T10:25:04.042464Z,nv_inference_compute_input_summary_us_count,1.12
2025-06-27T10:26:04.042464Z,nv_inference_compute_input_summary_us_count,0.84
2025-06-27T10:27:04.042464Z,nv_inference_compute_input_summary_us_count,1.12
2025-06-27T10:28:04.042464Z,nv_inference_compute_input_summary_us_count,1.11
2025-06-27T10:29:04.042464Z,nv_inference_compute_input_summary_us_count,0.85
2025-06-27T10:30:04.042464Z,nv_inference_compute_input_summary_us_count,1.12
2025-06-27T10:31:04.042464Z,nv_inference_compute_input_summary_us_count,0.85
2025-06-27T10:32:04.042464Z,nv_inference_compute_input_summary_us_count,0.85
2025-06-27T10:33:04.042464Z,nv_inference_compute_input_summary_us_count,0.81
2025-06-27T10:34:04.042464Z,nv_inference_compute_input_summary_us_count,1.09
2025-06-27T10:35:04.042464Z,nv_inference_compute_input_summary_us_count,1.12
2025-06-27T10:36:04.042464Z,nv_inference_compute_input_summary_us_count,0.86
2025-06-27T10:37:04.042464Z,nv_inference_compute_input_summary_us_count,0.86
2025-06-27T10:38:04.042464Z,nv_inference_compute_input_summary_us_count,1.12
2025-06-27T10:39:04.042464Z,nv_inference_compute_input_summary_us_count,0.96
2025-06-27T10:40:04.042464Z,nv_inference_compute_input_summary_us_count,1.01
2025-06-27T10:41:04.042464Z,nv_inference_compute_input_summary_us_count,1.16
2025-06-27T10:42:04.042464Z,nv_inference_compute_input_summary_us_count,1.01
2025-06-27T10:43:04.042464Z,nv_inference_compute_input_summary_us_count,0.92
2025-06-27T10:44:04.042464Z,nv_inference_compute_input_summary_us_count,1.13
2025-06-27T10:45:04.042464Z,nv_inference_compute_input_summary_us_count,0.91
2025-06-27T10:46:04.042464Z,nv_inference_compute_input_summary_us_count,0.9
2025-06-27T10:47:04.042464Z,nv_inference_compute_input_summary_us_count,0.91
2025-06-27T10:48:04.042464Z,nv_inference_compute_input_summary_us_count,0.98
2025-06-27T10:49:04.042464Z,nv_inference_compute_input_summary_us_count,1.01
2025-06-27T10:50:04.042464Z,nv_inference_compute_input_summary_us_count,0.85
2025-06-27T10:51:04.042464Z,nv_inference_compute_input_summary_us_count,0.98
2025-06-27T10:52:04.042464Z,nv_inference_compute_input_summary_us_count,0.98
2025-06-27T10:53:04.042464Z,nv_inference_compute_input_summary_us_count,0.81
2025-06-27T10:54:04.042464Z,nv_inference_compute_input_summary_us_count,0.98
2025-06-27T10:55:04.042464Z,nv_inference_compute_input_summary_us_count,1.12
2025-06-27T10:06:04.042464Z,nv_inference_compute_input_summary_us_sum,1016.77
2025-06-27T10:07:04.042464Z,nv_inference_compute_input_summary_us_sum,1260.56
2025-06-27T10:08:04.042464Z,nv_inference_compute_input_summary_us_sum,1154.56
2025-06-27T10:09:04.042464Z,nv_inference_compute_input_summary_us_sum,988.43
2025-06-27T10:10:04.042464Z,nv_inference_compute_input_summary_us_sum,1325.23
2025-06-27T10:11:04.042464Z,nv_inference_compute_input_summary_us_sum,1418.03
2025-06-27T10:12:04.042464Z,nv_inference_compute_input_summary_us_sum,1022.38
2025-06-27T10:13:04.042464Z,nv_inference_compute_input_summary_us_sum,1400.47
2025-06-27T10:14:04.042464Z,nv_inference_compute_input_summary_us_sum,1082.13
2025-06-27T10:15:04.042464Z,nv_inference_compute_input_summary_us_sum,1046.4
2025-06-27T10:16:04.042464Z,nv_inference_compute_input_summary_us_sum,1328.14
2025-06-27T10:17:04.042464Z,nv_inference_compute_input_summary_us_sum,1211.55
2025-06-27T10:18:04.042464Z,nv_inference_compute_input_summary_us_sum,1378.84
2025-06-27T10:19:04.042464Z,nv_inference_compute_input_summary_us_sum,1065.39
2025-06-27T10:20:04.042464Z,nv_inference_compute_input_summary_us_sum,1090.13
2025-06-27T10:21:04.042464Z,nv_inference_compute_input_summary_us_sum,1327.3
2025-06-27T10:22:04.042464Z,nv_inference_compute_input_summary_us_sum,1400.06
2025-06-27T10:23:04.042464Z,nv_inference_compute_input_summary_us_sum,1018.15
2025-06-27T10:24:04.042464Z,nv_inference_compute_input_summary_us_sum,1174.38
2025-06-27T10:25:04.042464Z,nv_inference_compute_input_summary_us_sum,1253.09
2025-06-27T10:26:04.042464Z,nv_inference_compute_input_summary_us_sum,1243.8
2025-06-27T10:27:04.042464Z,nv_inference_compute_input_summary_us_sum,1024.62
2025-06-27T10:28:04.042464Z,nv_inference_compute_input_summary_us_sum,1295.85
2025-06-27T10:29:04.042464Z,nv_inference_compute_input_summary_us_sum,1229.61
2025-06-27T10:30:04.042464Z,nv_inference_compute_input_summary_us_sum,1142.53
2025-06-27T10:31:04.042464Z,nv_inference_compute_input_summary_us_sum,1023.6
2025-06-27T10:32:04.042464Z,nv_inference_compute_input_summary_us_sum,966.65
2025-06-27T10:33:04.042464Z,nv_inference_compute_input_summary_us_sum,1020.51
2025-06-27T10:34:04.042464Z,nv_inference_compute_input_summary_us_sum,1387.42
2025-06-27T10:35:04.042464Z,nv_inference_compute_input_summary_us_sum,984.34
2025-06-27T10:36:04.042464Z,nv_inference_compute_input_summary_us_sum,1283.1
2025-06-27T10:37:04.042464Z,nv_inference_compute_input_summary_us_sum,1398.48
2025-06-27T10:38:04.042464Z,nv_inference_compute_input_summary_us_sum,1181.37
2025-06-27T10:39:04.042464Z,nv_inference_compute_input_summary_us_sum,1067.54
2025-06-27T10:40:04.042464Z,nv_inference_compute_input_summary_us_sum,1229.89
2025-06-27T10:41:04.042464Z,nv_inference_compute_input_summary_us_sum,1287.04
2025-06-27T10:42:04.042464Z,nv_inference_compute_input_summary_us_sum,1053.29
2025-06-27T10:43:04.042464Z,nv_inference_compute_input_summary_us_sum,965.59
2025-06-27T10:44:04.042464Z,nv_inference_compute_input_summary_us_sum,1223.19
2025-06-27T10:45:04.042464Z,nv_inference_compute_input_summary_us_sum,1077.33
2025-06-27T10:46:04.042464Z,nv_inference_compute_input_summary_us_sum,1059.65
2025-06-27T10:47:04.042464Z,nv_inference_compute_input_summary_us_sum,1201.74
2025-06-27T10:48:04.042464Z,nv_inference_compute_input_summary_us_sum,1175.41
2025-06-27T10:49:04.042464Z,nv_inference_compute_input_summary_us_sum,1076.24
2025-06-27T10:50:04.042464Z,nv_inference_compute_input_summary_us_sum,981.61
2025-06-27T10:51:04.042464Z,nv_inference_compute_input_summary_us_sum,1052.09
2025-06-27T10:52:04.042464Z,nv_inference_compute_input_summary_us_sum,1396.6
2025-06-27T10:53:04.042464Z,nv_inference_compute_input_summary_us_sum,1014.6
2025-06-27T10:54:04.042464Z,nv_inference_compute_input_summary_us_sum,1119.44
2025-06-27T10:55:04.042464Z,nv_inference_compute_input_summary_us_sum,1050.16
2025-06-27T10:06:04.042464Z,nv_inference_compute_output_duration_us,1761.91
2025-06-27T10:07:04.042464Z,nv_inference_compute_output_duration_us,1908.2
2025-06-27T10:08:04.042464Z,nv_inference_compute_output_duration_us,1506.83
2025-06-27T10:09:04.042464Z,nv_inference_compute_output_duration_us,1569.02
2025-06-27T10:10:04.042464Z,nv_inference_compute_output_duration_us,1833.33
2025-06-27T10:11:04.042464Z,nv_inference_compute_output_duration_us,1411.85
2025-06-27T10:12:04.042464Z,nv_inference_compute_output_duration_us,1811.68
2025-06-27T10:13:04.042464Z,nv_inference_compute_output_duration_us,1670.13
2025-06-27T10:14:04.042464Z,nv_inference_compute_output_duration_us,1750.46
2025-06-27T10:15:04.042464Z,nv_inference_compute_output_duration_us,1851.69
2025-06-27T10:16:04.042464Z,nv_inference_compute_output_duration_us,1638.76
2025-06-27T10:17:04.042464Z,nv_inference_compute_output_duration_us,1839.99
2025-06-27T10:18:04.042464Z,nv_inference_compute_output_duration_us,1831.72
2025-06-27T10:19:04.042464Z,nv_inference_compute_output_duration_us,1555.61
2025-06-27T10:20:04.042464Z,nv_inference_compute_output_duration_us,1872.52
2025-06-27T10:21:04.042464Z,nv_inference_compute_output_duration_us,1800.82
2025-06-27T10:22:04.042464Z,nv_inference_compute_output_duration_us,1376.51
2025-06-27T10:23:04.042464Z,nv_inference_compute_output_duration_us,1290.61
2025-06-27T10:24:04.042464Z,nv_inference_compute_output_duration_us,1287.54
2025-06-27T10:25:04.042464Z,nv_inference_compute_output_duration_us,1804.36
2025-06-27T10:26:04.042464Z,nv_inference_compute_output_duration_us,1729.43
2025-06-27T10:27:04.042464Z,nv_inference_compute_output_duration_us,1422.09
2025-06-27T10:28:04.042464Z,nv_inference_compute_output_duration_us,1488.13
2025-06-27T10:29:04.042464Z,nv_inference_compute_output_duration_us,1323.2
2025-06-27T10:30:04.042464Z,nv_inference_compute_output_duration_us,1299.35
2025-06-27T10:31:04.042464Z,nv_inference_compute_output_duration_us,1503.42
2025-06-27T10:32:04.042464Z,nv_inference_compute_output_duration_us,1382.8
2025-06-27T10:33:04.042464Z,nv_inference_compute_output_duration_us,1655.34
2025-06-27T10:34:04.042464Z,nv_inference_compute_output_duration_us,1362.77
2025-06-27T10:35:04.042464Z,nv_inference_compute_output_duration_us,1751.45
2025-06-27T10:36:04.042464Z,nv_inference_compute_output_duration_us,1781.55
2025-06-27T10:37:04.042464Z,nv_inference_compute_output_duration_us,1313.61
2025-06-27T10:38:04.042464Z,nv_inference_compute_output_duration_us,1527.55
2025-06-27T10:39:04.042464Z,nv_inference_compute_output_duration_us,1396.77
2025-06-27T10:40:04.042464Z,nv_inference_compute_output_duration_us,1910.82
2025-06-27T10:41:04.042464Z,nv_inference_compute_output_duration_us,1341.43
2025-06-27T10:42:04.042464Z,nv_inference_compute_output_duration_us,1773.89
2025-06-27T10:43:04.042464Z,nv_inference_compute_output_duration_us,1701.73
2025-06-27T10:44:04.042464Z,nv_inference_compute_output_duration_us,1345.03
2025-06-27T10:45:04.042464Z,nv_inference_compute_output_duration_us,1798.1
2025-06-27T10:46:04.042464Z,nv_inference_compute_output_duration_us,1488.84
2025-06-27T10:47:04.042464Z,nv_inference_compute_output_duration_us,1340.04
2025-06-27T10:48:04.042464Z,nv_inference_compute_output_duration_us,1461.57
2025-06-27T10:49:04.042464Z,nv_inference_compute_output_duration_us,1310.06
2025-06-27T10:50:04.042464Z,nv_inference_compute_output_duration_us,1601.5
2025-06-27T10:51:04.042464Z,nv_inference_compute_output_duration_us,1904.07
2025-06-27T10:52:04.042464Z,nv_inference_compute_output_duration_us,1420.29
2025-06-27T10:53:04.042464Z,nv_inference_compute_output_duration_us,1363.08
2025-06-27T10:54:04.042464Z,nv_inference_compute_output_duration_us,1381.12
2025-06-27T10:55:04.042464Z,nv_inference_compute_output_duration_us,1424.66
2025-06-27T10:06:04.042464Z,nv_inference_compute_output_summary_us_count,0.88
2025-06-27T10:07:04.042464Z,nv_inference_compute_output_summary_us_count,1.15
2025-06-27T10:08:04.042464Z,nv_inference_compute_output_summary_us_count,1.01
2025-06-27T10:09:04.042464Z,nv_inference_compute_output_summary_us_count,1.02
2025-06-27T10:10:04.042464Z,nv_inference_compute_output_summary_us_count,0.93
2025-06-27T10:11:04.042464Z,nv_inference_compute_output_summary_us_count,0.93
2025-06-27T10:12:04.042464Z,nv_inference_compute_output_summary_us_count,1.17
2025-06-27T10:13:04.042464Z,nv_inference_compute_output_summary_us_count,1.05
2025-06-27T10:14:04.042464Z,nv_inference_compute_output_summary_us_count,0.94
2025-06-27T10:15:04.042464Z,nv_inference_compute_output_summary_us_count,1.05
2025-06-27T10:16:04.042464Z,nv_inference_compute_output_summary_us_count,1.11
2025-06-27T10:17:04.042464Z,nv_inference_compute_output_summary_us_count,1.09
2025-06-27T10:18:04.042464Z,nv_inference_compute_output_summary_us_count,1.16
2025-06-27T10:19:04.042464Z,nv_inference_compute_output_summary_us_count,1.05
2025-06-27T10:20:04.042464Z,nv_inference_compute_output_summary_us_count,0.88
2025-06-27T10:21:04.042464Z,nv_inference_compute_output_summary_us_count,0.82
2025-06-27T10:22:04.042464Z,nv_inference_compute_output_summary_us_count,1.13
2025-06-27T10:23:04.042464Z,nv_inference_compute_output_summary_us_count,1.16
2025-06-27T10:24:04.042464Z,nv_inference_compute_output_summary_us_count,0.94
2025-06-27T10:25:04.042464Z,nv_inference_compute_output_summary_us_count,0.86
2025-06-27T10:26:04.042464Z,nv_inference_compute_output_summary_us_count,1.09
2025-06-27T10:27:04.042464Z,nv_inference_compute_output_summary_us_count,1.09
2025-06-27T10:28:04.042464Z,nv_inference_compute_output_summary_us_count,1.01
2025-06-27T10:29:04.042464Z,nv_inference_compute_output_summary_us_count,1.2
2025-06-27T10:30:04.042464Z,nv_inference_compute_output_summary_us_count,0.93
2025-06-27T10:31:04.042464Z,nv_inference_compute_output_summary_us_count,0.92
2025-06-27T10:32:04.042464Z,nv_inference_compute_output_summary_us_count,1.05
2025-06-27T10:33:04.042464Z,nv_inference_compute_output_summary_us_count,1.06
2025-06-27T10:34:04.042464Z,nv_inference_compute_output_summary_us_count,1.19
2025-06-27T10:35:04.042464Z,nv_inference_compute_output_summary_us_count,1.15
2025-06-27T10:36:04.042464Z,nv_inference_compute_output_summary_us_count,1.17
2025-06-27T10:37:04.042464Z,nv_inference_compute_output_summary_us_count,1.02
2025-06-27T10:38:04.042464Z,nv_inference_compute_output_summary_us_count,1.19
2025-06-27T10:39:04.042464Z,nv_inference_compute_output_summary_us_count,0.95
2025-06-27T10:40:04.042464Z,nv_inference_compute_output_summary_us_count,1.06
2025-06-27T10:41:04.042464Z,nv_inference_compute_output_summary_us_count,1.14
2025-06-27T10:42:04.042464Z,nv_inference_compute_output_summary_us_count,0.82
2025-06-27T10:43:04.042464Z,nv_inference_compute_output_summary_us_count,1.05
2025-06-27T10:44:04.042464Z,nv_inference_compute_output_summary_us_count,0.85
2025-06-27T10:45:04.042464Z,nv_inference_compute_output_summary_us_count,1.2
2025-06-27T10:46:04.042464Z,nv_inference_compute_output_summary_us_count,0.83
2025-06-27T10:47:04.042464Z,nv_inference_compute_output_summary_us_count,1.01
2025-06-27T10:48:04.042464Z,nv_inference_compute_output_summary_us_count,0.83
2025-06-27T10:49:04.042464Z,nv_inference_compute_output_summary_us_count,0.91
2025-06-27T10:50:04.042464Z,nv_inference_compute_output_summary_us_count,0.91
2025-06-27T10:51:04.042464Z,nv_inference_compute_output_summary_us_count,1.03
2025-06-27T10:52:04.042464Z,nv_inference_compute_output_summary_us_count,0.81
2025-06-27T10:53:04.042464Z,nv_inference_compute_output_summary_us_count,1.2
2025-06-27T10:54:04.042464Z,nv_inference_compute_output_summary_us_count,1.0
2025-06-27T10:55:04.042464Z,nv_inference_compute_output_summary_us_count,1.07
2025-06-27T10:06:04.042464Z,nv_inference_compute_output_summary_us_sum,1343.86
2025-06-27T10:07:04.042464Z,nv_inference_compute_output_summary_us_sum,1372.01
2025-06-27T10:08:04.042464Z,nv_inference_compute_output_summary_us_sum,1685.55
2025-06-27T10:09:04.042464Z,nv_inference_compute_output_summary_us_sum,1455.5
2025-06-27T10:10:04.042464Z,nv_inference_compute_output_summary_us_sum,1291.7
2025-06-27T10:11:04.042464Z,nv_inference_compute_output_summary_us_sum,1597.83
2025-06-27T10:12:04.042464Z,nv_inference_compute_output_summary_us_sum,1413.46
2025-06-27T10:13:04.042464Z,nv_inference_compute_output_summary_us_sum,1600.12
2025-06-27T10:14:04.042464Z,nv_inference_compute_output_summary_us_sum,1432.7
2025-06-27T10:15:04.042464Z,nv_inference_compute_output_summary_us_sum,1500.61
2025-06-27T10:16:04.042464Z,nv_inference_compute_output_summary_us_sum,1333.32
2025-06-27T10:17:04.042464Z,nv_inference_compute_output_summary_us_sum,1885.93
2025-06-27T10:18:04.042464Z,nv_inference_compute_output_summary_us_sum,1401.71
2025-06-27T10:19:04.042464Z,nv_inference_compute_output_summary_us_sum,1508.4
2025-06-27T10:20:04.042464Z,nv_inference_compute_output_summary_us_sum,1618.07
2025-06-27T10:21:04.042464Z,nv_inference_compute_output_summary_us_sum,1390.2
2025-06-27T10:22:04.042464Z,nv_inference_compute_output_summary_us_sum,1286.84
2025-06-27T10:23:04.042464Z,nv_inference_compute_output_summary_us_sum,1309.71
2025-06-27T10:24:04.042464Z,nv_inference_compute_output_summary_us_sum,1413.85
2025-06-27T10:25:04.042464Z,nv_inference_compute_output_summary_us_sum,1305.81
2025-06-27T10:26:04.042464Z,nv_inference_compute_output_summary_us_sum,1764.41
2025-06-27T10:27:04.042464Z,nv_inference_compute_output_summary_us_sum,1365.48
2025-06-27T10:28:04.042464Z,nv_inference_compute_output_summary_us_sum,1502.07
2025-06-27T10:29:04.042464Z,nv_inference_compute_output_summary_us_sum,1360.22
2025-06-27T10:30:04.042464Z,nv_inference_compute_output_summary_us_sum,1386.64
2025-06-27T10:31:04.042464Z,nv_inference_compute_output_summary_us_sum,1402.02
2025-06-27T10:32:04.042464Z,nv_inference_compute_output_summary_us_sum,1660.05
2025-06-27T10:33:04.042464Z,nv_inference_compute_output_summary_us_sum,1414.08
2025-06-27T10:34:04.042464Z,nv_inference_compute_output_summary_us_sum,1348.36
2025-06-27T10:35:04.042464Z,nv_inference_compute_output_summary_us_sum,1847.94
2025-06-27T10:36:04.042464Z,nv_inference_compute_output_summary_us_sum,1299.86
2025-06-27T10:37:04.042464Z,nv_inference_compute_output_summary_us_sum,1648.0
2025-06-27T10:38:04.042464Z,nv_inference_compute_output_summary_us_sum,1649.78
2025-06-27T10:39:04.042464Z,nv_inference_compute_output_summary_us_sum,1360.37
2025-06-27T10:40:04.042464Z,nv_inference_compute_output_summary_us_sum,1509.73
2025-06-27T10:41:04.042464Z,nv_inference_compute_output_summary_us_sum,1495.25
2025-06-27T10:42:04.042464Z,nv_inference_compute_output_summary_us_sum,1437.1
2025-06-27T10:43:04.042464Z,nv_inference_compute_output_summary_us_sum,1347.8
2025-06-27T10:44:04.042464Z,nv_inference_compute_output_summary_us_sum,1828.17
2025-06-27T10:45:04.042464Z,nv_inference_compute_output_summary_us_sum,1278.85
2025-06-27T10:46:04.042464Z,nv_inference_compute_output_summary_us_sum,1630.09
2025-06-27T10:47:04.042464Z,nv_inference_compute_output_summary_us_sum,1424.43
2025-06-27T10:48:04.042464Z,nv_inference_compute_output_summary_us_sum,1670.98
2025-06-27T10:49:04.042464Z,nv_inference_compute_output_summary_us_sum,1527.49
2025-06-27T10:50:04.042464Z,nv_inference_compute_output_summary_us_sum,1589.22
2025-06-27T10:51:04.042464Z,nv_inference_compute_output_summary_us_sum,1505.61
2025-06-27T10:52:04.042464Z,nv_inference_compute_output_summary_us_sum,1534.58
2025-06-27T10:53:04.042464Z,nv_inference_compute_output_summary_us_sum,1368.75
2025-06-27T10:54:04.042464Z,nv_inference_compute_output_summary_us_sum,1698.63
2025-06-27T10:55:04.042464Z,nv_inference_compute_output_summary_us_sum,1777.2
2025-06-27T10:06:04.042464Z,nv_inference_count,0.95
2025-06-27T10:07:04.042464Z,nv_inference_count,0.97
2025-06-27T10:08:04.042464Z,nv_inference_count,0.99
2025-06-27T10:09:04.042464Z,nv_inference_count,0.85
2025-06-27T10:10:04.042464Z,nv_inference_count,1.14
2025-06-27T10:11:04.042464Z,nv_inference_count,0.87
2025-06-27T10:12:04.042464Z,nv_inference_count,0.92
2025-06-27T10:13:04.042464Z,nv_inference_count,1.05
2025-06-27T10:14:04.042464Z,nv_inference_count,1.17
2025-06-27T10:15:04.042464Z,nv_inference_count,1.01
2025-06-27T10:16:04.042464Z,nv_inference_count,1.09
2025-06-27T10:17:04.042464Z,nv_inference_count,0.92
2025-06-27T10:18:04.042464Z,nv_inference_count,0.99
2025-06-27T10:19:04.042464Z,nv_inference_count,1.03
2025-06-27T10:20:04.042464Z,nv_inference_count,1.06
2025-06-27T10:21:04.042464Z,nv_inference_count,1.11
2025-06-27T10:22:04.042464Z,nv_inference_count,0.86
2025-06-27T10:23:04.042464Z,nv_inference_count,0.92
2025-06-27T10:24:04.042464Z,nv_inference_count,1.18
2025-06-27T10:25:04.042464Z,nv_inference_count,1.19
2025-06-27T10:26:04.042464Z,nv_inference_count,1.08
2025-06-27T10:27:04.042464Z,nv_inference_count,0.9
2025-06-27T10:28:04.042464Z,nv_inference_count,1.0
2025-06-27T10:29:04.042464Z,nv_inference_count,0.84
2025-06-27T10:30:04.042464Z,nv_inference_count,0.83
2025-06-27T10:31:04.042464Z,nv_inference_count,0.92
2025-06-27T10:32:04.042464Z,nv_inference_count,1.07
2025-06-27T10:33:04.042464Z,nv_inference_count,1.17
2025-06-27T10:34:04.042464Z,nv_inference_count,1.02
2025-06-27T10:35:04.042464Z,nv_inference_count,0.92
2025-06-27T10:36:04.042464Z,nv_inference_count,1.14
2025-06-27T10:37:04.042464Z,nv_inference_count,0.95
2025-06-27T10:38:04.042464Z,nv_inference_count,1.18
2025-06-27T10:39:04.042464Z,nv_inference_count,1.17
2025-06-27T10:40:04.042464Z,nv_inference_count,1.18
2025-06-27T10:41:04.042464Z,nv_inference_count,0.82
2025-06-27T10:42:04.042464Z,nv_inference_count,0.87
2025-06-27T10:43:04.042464Z,nv_inference_count,1.0
2025-06-27T10:44:04.042464Z,nv_inference_count,0.81
2025-06-27T10:45:04.042464Z,nv_inference_count,0.82
2025-06-27T10:46:04.042464Z,nv_inference_count,0.95
2025-06-27T10:47:04.042464Z,nv_inference_count,0.9
2025-06-27T10:48:04.042464Z,nv_inference_count,1.0
2025-06-27T10:49:04.042464Z,nv_inference_count,0.91
2025-06-27T10:50:04.042464Z,nv_inference_count,0.95
2025-06-27T10:51:04.042464Z,nv_inference_count,0.85
2025-06-27T10:52:04.042464Z,nv_inference_count,0.99
2025-06-27T10:53:04.042464Z,nv_inference_count,0.97
2025-06-27T10:54:04.042464Z,nv_inference_count,1.01
2025-06-27T10:55:04.042464Z,nv_inference_count,1.08
2025-06-27T10:06:04.042464Z,nv_inference_exec_count,1.19
2025-06-27T10:07:04.042464Z,nv_inference_exec_count,0.93
2025-06-27T10:08:04.042464Z,nv_inference_exec_count,1.12
2025-06-27T10:09:04.042464Z,nv_inference_exec_count,1.16
2025-06-27T10:10:04.042464Z,nv_inference_exec_count,0.83
2025-06-27T10:11:04.042464Z,nv_inference_exec_count,1.06
2025-06-27T10:12:04.042464Z,nv_inference_exec_count,1.04
2025-06-27T10:13:04.042464Z,nv_inference_exec_count,0.91
2025-06-27T10:14:04.042464Z,nv_inference_exec_count,0.84
2025-06-27T10:15:04.042464Z,nv_inference_exec_count,0.88
2025-06-27T10:16:04.042464Z,nv_inference_exec_count,0.8
2025-06-27T10:17:04.042464Z,nv_inference_exec_count,0.8
2025-06-27T10:18:04.042464Z,nv_inference_exec_count,0.95
2025-06-27T10:19:04.042464Z,nv_inference_exec_count,1.19
2025-06-27T10:20:04.042464Z,nv_inference_exec_count,1.02
2025-06-27T10:21:04.042464Z,nv_inference_exec_count,1.05
2025-06-27T10:22:04.042464Z,nv_inference_exec_count,0.87
2025-06-27T10:23:04.042464Z,nv_inference_exec_count,0.93
2025-06-27T10:24:04.042464Z,nv_inference_exec_count,0.87
2025-06-27T10:25:04.042464Z,nv_inference_exec_count,0.88
2025-06-27T10:26:04.042464Z,nv_inference_exec_count,1.16
2025-06-27T10:27:04.042464Z,nv_inference_exec_count,0.96
2025-06-27T10:28:04.042464Z,nv_inference_exec_count,0.91
2025-06-27T10:29:04.042464Z,nv_inference_exec_count,0.88
2025-06-27T10:30:04.042464Z,nv_inference_exec_count,0.85
2025-06-27T10:31:04.042464Z,nv_inference_exec_count,1.07
2025-06-27T10:32:04.042464Z,nv_inference_exec_count,1.14
2025-06-27T10:33:04.042464Z,nv_inference_exec_count,0.88
2025-06-27T10:34:04.042464Z,nv_inference_exec_count,1.17
2025-06-27T10:35:04.042464Z,nv_inference_exec_count,0.94
2025-06-27T10:36:04.042464Z,nv_inference_exec_count,1.07
2025-06-27T10:37:04.042464Z,nv_inference_exec_count,0.84
2025-06-27T10:38:04.042464Z,nv_inference_exec_count,1.08
2025-06-27T10:39:04.042464Z,nv_inference_exec_count,0.92
2025-06-27T10:40:04.042464Z,nv_inference_exec_count,0.84
2025-06-27T10:41:04.042464Z,nv_inference_exec_count,1.08
2025-06-27T10:42:04.042464Z,nv_inference_exec_count,0.94
2025-06-27T10:43:04.042464Z,nv_inference_exec_count,0.89
2025-06-27T10:44:04.042464Z,nv_inference_exec_count,1.2
2025-06-27T10:45:04.042464Z,nv_inference_exec_count,1.19
2025-06-27T10:46:04.042464Z,nv_inference_exec_count,1.19
2025-06-27T10:47:04.042464Z,nv_inference_exec_count,0.83
2025-06-27T10:48:04.042464Z,nv_inference_exec_count,0.84
2025-06-27T10:49:04.042464Z,nv_inference_exec_count,0.8
2025-06-27T10:50:04.042464Z,nv_inference_exec_count,1.17
2025-06-27T10:51:04.042464Z,nv_inference_exec_count,0.81
2025-06-27T10:52:04.042464Z,nv_inference_exec_count,0.85
2025-06-27T10:53:04.042464Z,nv_inference_exec_count,1.01
2025-06-27T10:54:04.042464Z,nv_inference_exec_count,0.9
2025-06-27T10:55:04.042464Z,nv_inference_exec_count,0.8
2025-06-27T10:06:04.042464Z,nv_inference_queue_duration_us,284.31
2025-06-27T10:07:04.042464Z,nv_inference_queue_duration_us,277.7
2025-06-27T10:08:04.042464Z,nv_inference_queue_duration_us,276.3
2025-06-27T10:09:04.042464Z,nv_inference_queue_duration_us,239.29
2025-06-27T10:10:04.042464Z,nv_inference_queue_duration_us,275.7
2025-06-27T10:11:04.042464Z,nv_inference_queue_duration_us,239.78
2025-06-27T10:12:04.042464Z,nv_inference_queue_duration_us,234.97
2025-06-27T10:13:04.042464Z,nv_inference_queue_duration_us,208.48
2025-06-27T10:14:04.042464Z,nv_inference_queue_duration_us,209.12
2025-06-27T10:15:04.042464Z,nv_inference_queue_duration_us,208.71
2025-06-27T10:16:04.042464Z,nv_inference_queue_duration_us,281.24
2025-06-27T10:17:04.042464Z,nv_inference_queue_duration_us,294.56
2025-06-27T10:18:04.042464Z,nv_inference_queue_duration_us,242.66
2025-06-27T10:19:04.042464Z,nv_inference_queue_duration_us,276.17
2025-06-27T10:20:04.042464Z,nv_inference_queue_duration_us,238.16
2025-06-27T10:21:04.042464Z,nv_inference_queue_duration_us,252.0
2025-06-27T10:22:04.042464Z,nv_inference_queue_duration_us,272.84
2025-06-27T10:23:04.042464Z,nv_inference_queue_duration_us,252.34
2025-06-27T10:24:04.042464Z,nv_inference_queue_duration_us,238.99
2025-06-27T10:25:04.042464Z,nv_inference_queue_duration_us,202.38
2025-06-27T10:26:04.042464Z,nv_inference_queue_duration_us,239.2
2025-06-27T10:27:04.042464Z,nv_inference_queue_duration_us,283.56
2025-06-27T10:28:04.042464Z,nv_inference_queue_duration_us,291.23
2025-06-27T10:29:04.042464Z,nv_inference_queue_duration_us,257.97
2025-06-27T10:30:04.042464Z,nv_inference_queue_duration_us,291.22
2025-06-27T10:31:04.042464Z,nv_inference_queue_duration_us,198.47
2025-06-27T10:32:04.042464Z,nv_inference_queue_duration_us,268.39
2025-06-27T10:33:04.042464Z,nv_inference_queue_duration_us,246.0
2025-06-27T10:34:04.042464Z,nv_inference_queue_duration_us,277.96
2025-06-27T10:35:04.042464Z,nv_inference_queue_duration_us,291.83
2025-06-27T10:36:04.042464Z,nv_inference_queue_duration_us,285.6
2025-06-27T10:37:04.042464Z,nv_inference_queue_duration_us,274.28
2025-06-27T10:38:04.042464Z,nv_inference_queue_duration_us,214.66
2025-06-27T10:39:04.042464Z,nv_inference_queue_duration_us,260.43
2025-06-27T10:40:04.042464Z,nv_inference_queue_duration_us,249.48
2025-06-27T10:41:04.042464Z,nv_inference_queue_duration_us,242.36
2025-06-27T10:42:04.042464Z,nv_inference_queue_duration_us,288.86
2025-06-27T10:43:04.042464Z,nv_inference_queue_duration_us,239.54
2025-06-27T10:44:04.042464Z,nv_inference_queue_duration_us,237.17
2025-06-27T10:45:04.042464Z,nv_inference_queue_duration_us,276.89
2025-06-27T10:46:04.042464Z,nv_inference_queue_duration_us,288.71
2025-06-27T10:47:04.042464Z,nv_inference_queue_duration_us,267.49
2025-06-27T10:48:04.042464Z,nv_inference_queue_duration_us,282.7
2025-06-27T10:49:04.042464Z,nv_inference_queue_duration_us,211.23
2025-06-27T10:50:04.042464Z,nv_inference_queue_duration_us,246.56
2025-06-27T10:51:04.042464Z,nv_inference_queue_duration_us,291.36
2025-06-27T10:52:04.042464Z,nv_inference_queue_duration_us,278.71
2025-06-27T10:53:04.042464Z,nv_inference_queue_duration_us,261.74
2025-06-27T10:54:04.042464Z,nv_inference_queue_duration_us,246.66
2025-06-27T10:55:04.042464Z,nv_inference_queue_duration_us,206.9
2025-06-27T10:06:04.042464Z,nv_inference_queue_summary_us_count,1.04
2025-06-27T10:07:04.042464Z,nv_inference_queue_summary_us_count,0.85
2025-06-27T10:08:04.042464Z,nv_inference_queue_summary_us_count,0.82
2025-06-27T10:09:04.042464Z,nv_inference_queue_summary_us_count,1.04
2025-06-27T10:10:04.042464Z,nv_inference_queue_summary_us_count,0.83
2025-06-27T10:11:04.042464Z,nv_inference_queue_summary_us_count,1.05
2025-06-27T10:12:04.042464Z,nv_inference_queue_summary_us_count,0.89
2025-06-27T10:13:04.042464Z,nv_inference_queue_summary_us_count,1.07
2025-06-27T10:14:04.042464Z,nv_inference_queue_summary_us_count,1.03
2025-06-27T10:15:04.042464Z,nv_inference_queue_summary_us_count,1.08
2025-06-27T10:16:04.042464Z,nv_inference_queue_summary_us_count,1.16
2025-06-27T10:17:04.042464Z,nv_inference_queue_summary_us_count,0.94
2025-06-27T10:18:04.042464Z,nv_inference_queue_summary_us_count,0.83
2025-06-27T10:19:04.042464Z,nv_inference_queue_summary_us_count,1.13
2025-06-27T10:20:04.042464Z,nv_inference_queue_summary_us_count,0.89
2025-06-27T10:21:04.042464Z,nv_inference_queue_summary_us_count,1.03
2025-06-27T10:22:04.042464Z,nv_inference_queue_summary_us_count,1.14
2025-06-27T10:23:04.042464Z,nv_inference_queue_summary_us_count,0.84
2025-06-27T10:24:04.042464Z,nv_inference_queue_summary_us_count,0.86
2025-06-27T10:25:04.042464Z,nv_inference_queue_summary_us_count,1.02
2025-06-27T10:26:04.042464Z,nv_inference_queue_summary_us_count,0.86
2025-06-27T10:27:04.042464Z,nv_inference_queue_summary_us_count,0.91
2025-06-27T10:28:04.042464Z,nv_inference_queue_summary_us_count,1.15
2025-06-27T10:29:04.042464Z,nv_inference_queue_summary_us_count,1.12
2025-06-27T10:30:04.042464Z,nv_inference_queue_summary_us_count,0.82
2025-06-27T10:31:04.042464Z,nv_inference_queue_summary_us_count,0.86
2025-06-27T10:32:04.042464Z,nv_inference_queue_summary_us_count,1.15
2025-06-27T10:33:04.042464Z,nv_inference_queue_summary_us_count,1.17
2025-06-27T10:34:04.042464Z,nv_inference_queue_summary_us_count,0.91
2025-06-27T10:35:04.042464Z,nv_inference_queue_summary_us_count,1.09
2025-06-27T10:36:04.042464Z,nv_inference_queue_summary_us_count,0.86
2025-06-27T10:37:04.042464Z,nv_inference_queue_summary_us_count,0.86
2025-06-27T10:38:04.042464Z,nv_inference_queue_summary_us_count,1.13
2025-06-27T10:39:04.042464Z,nv_inference_queue_summary_us_count,0.88
2025-06-27T10:40:04.042464Z,nv_inference_queue_summary_us_count,0.84
2025-06-27T10:41:04.042464Z,nv_inference_queue_summary_us_count,0.81
2025-06-27T10:42:04.042464Z,nv_inference_queue_summary_us_count,0.83
2025-06-27T10:43:04.042464Z,nv_inference_queue_summary_us_count,0.83
2025-06-27T10:44:04.042464Z,nv_inference_queue_summary_us_count,1.09
2025-06-27T10:45:04.042464Z,nv_inference_queue_summary_us_count,1.09
2025-06-27T10:46:04.042464Z,nv_inference_queue_summary_us_count,0.83
2025-06-27T10:47:04.042464Z,nv_inference_queue_summary_us_count,1.09
2025-06-27T10:48:04.042464Z,nv_inference_queue_summary_us_count,0.82
2025-06-27T10:49:04.042464Z,nv_inference_queue_summary_us_count,1.09
2025-06-27T10:50:04.042464Z,nv_inference_queue_summary_us_count,0.97
2025-06-27T10:51:04.042464Z,nv_inference_queue_summary_us_count,1.03
2025-06-27T10:52:04.042464Z,nv_inference_queue_summary_us_count,1.16
2025-06-27T10:53:04.042464Z,nv_inference_queue_summary_us_count,1.19
2025-06-27T10:54:04.042464Z,nv_inference_queue_summary_us_count,0.92
2025-06-27T10:55:04.042464Z,nv_inference_queue_summary_us_count,0.92
2025-06-27T10:06:04.042464Z,nv_inference_queue_summary_us_sum,286.57
2025-06-27T10:07:04.042464Z,nv_inference_queue_summary_us_sum,234.96
2025-06-27T10:08:04.042464Z,nv_inference_queue_summary_us_sum,296.08
2025-06-27T10:09:04.042464Z,nv_inference_queue_summary_us_sum,269.0
2025-06-27T10:10:04.042464Z,nv_inference_queue_summary_us_sum,247.79
2025-06-27T10:11:04.042464Z,nv_inference_queue_summary_us_sum,244.63
2025-06-27T10:12:04.042464Z,nv_inference_queue_summary_us_sum,277.06
2025-06-27T10:13:04.042464Z,nv_inference_queue_summary_us_sum,239.78
2025-06-27T10:14:04.042464Z,nv_inference_queue_summary_us_sum,287.61
2025-06-27T10:15:04.042464Z,nv_inference_queue_summary_us_sum,243.93
2025-06-27T10:16:04.042464Z,nv_inference_queue_summary_us_sum,226.56
2025-06-27T10:17:04.042464Z,nv_inference_queue_summary_us_sum,258.17
2025-06-27T10:18:04.042464Z,nv_inference_queue_summary_us_sum,234.78
2025-06-27T10:19:04.042464Z,nv_inference_queue_summary_us_sum,221.27
2025-06-27T10:20:04.042464Z,nv_inference_queue_summary_us_sum,257.66
2025-06-27T10:21:04.042464Z,nv_inference_queue_summary_us_sum,269.21
2025-06-27T10:22:04.042464Z,nv_inference_queue_summary_us_sum,262.48
2025-06-27T10:23:04.042464Z,nv_inference_queue_summary_us_sum,198.19
2025-06-27T10:24:04.042464Z,nv_inference_queue_summary_us_sum,273.39
2025-06-27T10:25:04.042464Z,nv_inference_queue_summary_us_sum,274.95
2025-06-27T10:26:04.042464Z,nv_inference_queue_summary_us_sum,295.22
2025-06-27T10:27:04.042464Z,nv_inference_queue_summary_us_sum,207.72
2025-06-27T10:28:04.042464Z,nv_inference_queue_summary_us_sum,245.93
2025-06-27T10:29:04.042464Z,nv_inference_queue_summary_us_sum,216.32
2025-06-27T10:30:04.042464Z,nv_inference_queue_summary_us_sum,267.23
2025-06-27T10:31:04.042464Z,nv_inference_queue_summary_us_sum,198.97
2025-06-27T10:32:04.042464Z,nv_inference_queue_summary_us_sum,227.27
2025-06-27T10:33:04.042464Z,nv_inference_queue_summary_us_sum,209.39
2025-06-27T10:34:04.042464Z,nv_inference_queue_summary_us_sum,226.83
2025-06-27T10:35:04.042464Z,nv_inference_queue_summary_us_sum,282.12
2025-06-27T10:36:04.042464Z,nv_inference_queue_summary_us_sum,244.85
2025-06-27T10:37:04.042464Z,nv_inference_queue_summary_us_sum,264.06
2025-06-27T10:38:04.042464Z,nv_inference_queue_summary_us_sum,294.2
2025-06-27T10:39:04.042464Z,nv_inference_queue_summary_us_sum,271.1
2025-06-27T10:40:04.042464Z,nv_inference_queue_summary_us_sum,292.5
2025-06-27T10:41:04.042464Z,nv_inference_queue_summary_us_sum,201.84
2025-06-27T10:42:04.042464Z,nv_inference_queue_summary_us_sum,241.4
2025-06-27T10:43:04.042464Z,nv_inference_queue_summary_us_sum,231.76
2025-06-27T10:44:04.042464Z,nv_inference_queue_summary_us_sum,259.52
2025-06-27T10:45:04.042464Z,nv_inference_queue_summary_us_sum,217.24
2025-06-27T10:46:04.042464Z,nv_inference_queue_summary_us_sum,218.94
2025-06-27T10:47:04.042464Z,nv_inference_queue_summary_us_sum,216.64
2025-06-27T10:48:04.042464Z,nv_inference_queue_summary_us_sum,271.69
2025-06-27T10:49:04.042464Z,nv_inference_queue_summary_us_sum,235.52
2025-06-27T10:50:04.042464Z,nv_inference_queue_summary_us_sum,206.33
2025-06-27T10:51:04.042464Z,nv_inference_queue_summary_us_sum,237.62
2025-06-27T10:52:04.042464Z,nv_inference_queue_summary_us_sum,290.06
2025-06-27T10:53:04.042464Z,nv_inference_queue_summary_us_sum,220.18
2025-06-27T10:54:04.042464Z,nv_inference_queue_summary_us_sum,262.09
2025-06-27T10:55:04.042464Z,nv_inference_queue_summary_us_sum,283.59
2025-06-27T10:06:04.042464Z,nv_inference_request_duration_us,152099.0
2025-06-27T10:07:04.042464Z,nv_inference_request_duration_us,125888.55
2025-06-27T10:08:04.042464Z,nv_inference_request_duration_us,124095.98
2025-06-27T10:09:04.042464Z,nv_inference_request_duration_us,141431.8
2025-06-27T10:10:04.042464Z,nv_inference_request_duration_us,134473.15
2025-06-27T10:11:04.042464Z,nv_inference_request_duration_us,112755.36
2025-06-27T10:12:04.042464Z,nv_inference_request_duration_us,124523.21
2025-06-27T10:13:04.042464Z,nv_inference_request_duration_us,114042.38
2025-06-27T10:14:04.042464Z,nv_inference_request_duration_us,159842.28
2025-06-27T10:15:04.042464Z,nv_inference_request_duration_us,132425.85
2025-06-27T10:16:04.042464Z,nv_inference_request_duration_us,122024.47
2025-06-27T10:17:04.042464Z,nv_inference_request_duration_us,138178.6
2025-06-27T10:18:04.042464Z,nv_inference_request_duration_us,136914.08
2025-06-27T10:19:04.042464Z,nv_inference_request_duration_us,143832.16
2025-06-27T10:20:04.042464Z,nv_inference_request_duration_us,120654.7
2025-06-27T10:21:04.042464Z,nv_inference_request_duration_us,136205.57
2025-06-27T10:22:04.042464Z,nv_inference_request_duration_us,108721.77
2025-06-27T10:23:04.042464Z,nv_inference_request_duration_us,126759.84
2025-06-27T10:24:04.042464Z,nv_inference_request_duration_us,147416.77
2025-06-27T10:25:04.042464Z,nv_inference_request_duration_us,159709.32
2025-06-27T10:26:04.042464Z,nv_inference_request_duration_us,124969.37
2025-06-27T10:27:04.042464Z,nv_inference_request_duration_us,131136.88
2025-06-27T10:28:04.042464Z,nv_inference_request_duration_us,115836.34
2025-06-27T10:29:04.042464Z,nv_inference_request_duration_us,118127.12
2025-06-27T10:30:04.042464Z,nv_inference_request_duration_us,157528.98
2025-06-27T10:31:04.042464Z,nv_inference_request_duration_us,143462.02
2025-06-27T10:32:04.042464Z,nv_inference_request_duration_us,127730.99
2025-06-27T10:33:04.042464Z,nv_inference_request_duration_us,110889.93
2025-06-27T10:34:04.042464Z,nv_inference_request_duration_us,126274.8
2025-06-27T10:35:04.042464Z,nv_inference_request_duration_us,150954.55
2025-06-27T10:36:04.042464Z,nv_inference_request_duration_us,112676.49
2025-06-27T10:37:04.042464Z,nv_inference_request_duration_us,125124.28
2025-06-27T10:38:04.042464Z,nv_inference_request_duration_us,155940.29
2025-06-27T10:39:04.042464Z,nv_inference_request_duration_us,131693.42
2025-06-27T10:40:04.042464Z,nv_inference_request_duration_us,149682.07
2025-06-27T10:41:04.042464Z,nv_inference_request_duration_us,146577.47
2025-06-27T10:42:04.042464Z,nv_inference_request_duration_us,134345.11
2025-06-27T10:43:04.042464Z,nv_inference_request_duration_us,152401.45
2025-06-27T10:44:04.042464Z,nv_inference_request_duration_us,109343.55
2025-06-27T10:45:04.042464Z,nv_inference_request_duration_us,108846.56
2025-06-27T10:46:04.042464Z,nv_inference_request_duration_us,131502.35
2025-06-27T10:47:04.042464Z,nv_inference_request_duration_us,116476.69
2025-06-27T10:48:04.042464Z,nv_inference_request_duration_us,119497.51
2025-06-27T10:49:04.042464Z,nv_inference_request_duration_us,122619.33
2025-06-27T10:50:04.042464Z,nv_inference_request_duration_us,158204.87
2025-06-27T10:51:04.042464Z,nv_inference_request_duration_us,144623.16
2025-06-27T10:52:04.042464Z,nv_inference_request_duration_us,135469.49
2025-06-27T10:53:04.042464Z,nv_inference_request_duration_us,147046.84
2025-06-27T10:54:04.042464Z,nv_inference_request_duration_us,136513.27
2025-06-27T10:55:04.042464Z,nv_inference_request_duration_us,159537.45
2025-06-27T10:06:04.042464Z,nv_inference_request_failure,0.0
2025-06-27T10:07:04.042464Z,nv_inference_request_failure,0.0
2025-06-27T10:08:04.042464Z,nv_inference_request_failure,0.0
2025-06-27T10:09:04.042464Z,nv_inference_request_failure,0.0
2025-06-27T10:10:04.042464Z,nv_inference_request_failure,0.0
2025-06-27T10:11:04.042464Z,nv_inference_request_failure,0.0
2025-06-27T10:12:04.042464Z,nv_inference_request_failure,0.0
2025-06-27T10:13:04.042464Z,nv_inference_request_failure,0.0
2025-06-27T10:14:04.042464Z,nv_inference_request_failure,0.0
2025-06-27T10:15:04.042464Z,nv_inference_request_failure,0.0
2025-06-27T10:16:04.042464Z,nv_inference_request_failure,0.0
2025-06-27T10:17:04.042464Z,nv_inference_request_failure,0.0
2025-06-27T10:18:04.042464Z,nv_inference_request_failure,0.0
2025-06-27T10:19:04.042464Z,nv_inference_request_failure,0.0
2025-06-27T10:20:04.042464Z,nv_inference_request_failure,0.0
2025-06-27T10:21:04.042464Z,nv_inference_request_failure,0.0
2025-06-27T10:22:04.042464Z,nv_inference_request_failure,0.0
2025-06-27T10:23:04.042464Z,nv_inference_request_failure,0.0
2025-06-27T10:24:04.042464Z,nv_inference_request_failure,0.0
2025-06-27T10:25:04.042464Z,nv_inference_request_failure,0.0
2025-06-27T10:26:04.042464Z,nv_inference_request_failure,0.0
2025-06-27T10:27:04.042464Z,nv_inference_request_failure,0.0
2025-06-27T10:28:04.042464Z,nv_inference_request_failure,0.0
2025-06-27T10:29:04.042464Z,nv_inference_request_failure,0.0
2025-06-27T10:30:04.042464Z,nv_inference_request_failure,0.0
2025-06-27T10:31:04.042464Z,nv_inference_request_failure,0.0
2025-06-27T10:32:04.042464Z,nv_inference_request_failure,0.0
2025-06-27T10:33:04.042464Z,nv_inference_request_failure,0.0
2025-06-27T10:34:04.042464Z,nv_inference_request_failure,0.0
2025-06-27T10:35:04.042464Z,nv_inference_request_failure,0.0
2025-06-27T10:36:04.042464Z,nv_inference_request_failure,0.0
2025-06-27T10:37:04.042464Z,nv_inference_request_failure,0.0
2025-06-27T10:38:04.042464Z,nv_inference_request_failure,0.0
2025-06-27T10:39:04.042464Z,nv_inference_request_failure,0.0
2025-06-27T10:40:04.042464Z,nv_inference_request_failure,0.0
2025-06-27T10:41:04.042464Z,nv_inference_request_failure,0.0
2025-06-27T10:42:04.042464Z,nv_inference_request_failure,0.0
2025-06-27T10:43:04.042464Z,nv_inference_request_failure,0.0
2025-06-27T10:44:04.042464Z,nv_inference_request_failure,0.0
2025-06-27T10:45:04.042464Z,nv_inference_request_failure,0.0
2025-06-27T10:46:04.042464Z,nv_inference_request_failure,0.0
2025-06-27T10:47:04.042464Z,nv_inference_request_failure,0.0
2025-06-27T10:48:04.042464Z,nv_inference_request_failure,0.0
2025-06-27T10:49:04.042464Z,nv_inference_request_failure,0.0
2025-06-27T10:50:04.042464Z,nv_inference_request_failure,0.0
2025-06-27T10:51:04.042464Z,nv_inference_request_failure,0.0
2025-06-27T10:52:04.042464Z,nv_inference_request_failure,0.0
2025-06-27T10:53:04.042464Z,nv_inference_request_failure,0.0
2025-06-27T10:54:04.042464Z,nv_inference_request_failure,0.0
2025-06-27T10:55:04.042464Z,nv_inference_request_failure,0.0
2025-06-27T10:06:04.042464Z,nv_inference_request_success,0.85
2025-06-27T10:07:04.042464Z,nv_inference_request_success,1.08
2025-06-27T10:08:04.042464Z,nv_inference_request_success,1.14
2025-06-27T10:09:04.042464Z,nv_inference_request_success,0.8
2025-06-27T10:10:04.042464Z,nv_inference_request_success,0.97
2025-06-27T10:11:04.042464Z,nv_inference_request_success,0.96
2025-06-27T10:12:04.042464Z,nv_inference_request_success,1.18
2025-06-27T10:13:04.042464Z,nv_inference_request_success,1.2
2025-06-27T10:14:04.042464Z,nv_inference_request_success,1.14
2025-06-27T10:15:04.042464Z,nv_inference_request_success,1.2
2025-06-27T10:16:04.042464Z,nv_inference_request_success,0.85
2025-06-27T10:17:04.042464Z,nv_inference_request_success,1.08
2025-06-27T10:18:04.042464Z,nv_inference_request_success,1.0
2025-06-27T10:19:04.042464Z,nv_inference_request_success,1.05
2025-06-27T10:20:04.042464Z,nv_inference_request_success,1.07
2025-06-27T10:21:04.042464Z,nv_inference_request_success,1.1
2025-06-27T10:22:04.042464Z,nv_inference_request_success,0.94
2025-06-27T10:23:04.042464Z,nv_inference_request_success,1.02
2025-06-27T10:24:04.042464Z,nv_inference_request_success,1.17
2025-06-27T10:25:04.042464Z,nv_inference_request_success,0.81
2025-06-27T10:26:04.042464Z,nv_inference_request_success,0.99
2025-06-27T10:27:04.042464Z,nv_inference_request_success,0.88
2025-06-27T10:28:04.042464Z,nv_inference_request_success,0.82
2025-06-27T10:29:04.042464Z,nv_inference_request_success,0.91
2025-06-27T10:30:04.042464Z,nv_inference_request_success,0.97
2025-06-27T10:31:04.042464Z,nv_inference_request_success,1.18
2025-06-27T10:32:04.042464Z,nv_inference_request_success,1.0
2025-06-27T10:33:04.042464Z,nv_inference_request_success,1.04
2025-06-27T10:34:04.042464Z,nv_inference_request_success,1.09
2025-06-27T10:35:04.042464Z,nv_inference_request_success,0.97
2025-06-27T10:36:04.042464Z,nv_inference_request_success,0.98
2025-06-27T10:37:04.042464Z,nv_inference_request_success,0.86
2025-06-27T10:38:04.042464Z,nv_inference_request_success,0.88
2025-06-27T10:39:04.042464Z,nv_inference_request_success,1.1
2025-06-27T10:40:04.042464Z,nv_inference_request_success,1.01
2025-06-27T10:41:04.042464Z,nv_inference_request_success,0.98
2025-06-27T10:42:04.042464Z,nv_inference_request_success,1.11
2025-06-27T10:43:04.042464Z,nv_inference_request_success,0.94
2025-06-27T10:44:04.042464Z,nv_inference_request_success,1.08
2025-06-27T10:45:04.042464Z,nv_inference_request_success,0.83
2025-06-27T10:46:04.042464Z,nv_inference_request_success,0.95
2025-06-27T10:47:04.042464Z,nv_inference_request_success,1.13
2025-06-27T10:48:04.042464Z,nv_inference_request_success,0.9
2025-06-27T10:49:04.042464Z,nv_inference_request_success,1.1
2025-06-27T10:50:04.042464Z,nv_inference_request_success,1.05
2025-06-27T10:51:04.042464Z,nv_inference_request_success,1.07
2025-06-27T10:52:04.042464Z,nv_inference_request_success,0.87
2025-06-27T10:53:04.042464Z,nv_inference_request_success,0.98
2025-06-27T10:54:04.042464Z,nv_inference_request_success,1.17
2025-06-27T10:55:04.042464Z,nv_inference_request_success,1.02
2025-06-27T10:06:04.042464Z,nv_inference_request_summary_us_count,0.8
2025-06-27T10:07:04.042464Z,nv_inference_request_summary_us_count,1.09
2025-06-27T10:08:04.042464Z,nv_inference_request_summary_us_count,1.03
2025-06-27T10:09:04.042464Z,nv_inference_request_summary_us_count,1.18
2025-06-27T10:10:04.042464Z,nv_inference_request_summary_us_count,0.86
2025-06-27T10:11:04.042464Z,nv_inference_request_summary_us_count,0.89
2025-06-27T10:12:04.042464Z,nv_inference_request_summary_us_count,1.18
2025-06-27T10:13:04.042464Z,nv_inference_request_summary_us_count,1.11
2025-06-27T10:14:04.042464Z,nv_inference_request_summary_us_count,0.97
2025-06-27T10:15:04.042464Z,nv_inference_request_summary_us_count,0.84
2025-06-27T10:16:04.042464Z,nv_inference_request_summary_us_count,1.16
2025-06-27T10:17:04.042464Z,nv_inference_request_summary_us_count,0.9
2025-06-27T10:18:04.042464Z,nv_inference_request_summary_us_count,0.9
2025-06-27T10:19:04.042464Z,nv_inference_request_summary_us_count,0.81
2025-06-27T10:20:04.042464Z,nv_inference_request_summary_us_count,0.98
2025-06-27T10:21:04.042464Z,nv_inference_request_summary_us_count,1.0
2025-06-27T10:22:04.042464Z,nv_inference_request_summary_us_count,0.97
2025-06-27T10:23:04.042464Z,nv_inference_request_summary_us_count,0.93
2025-06-27T10:24:04.042464Z,nv_inference_request_summary_us_count,1.17
2025-06-27T10:25:04.042464Z,nv_inference_request_summary_us_count,0.81
2025-06-27T10:26:04.042464Z,nv_inference_request_summary_us_count,0.95
2025-06-27T10:27:04.042464Z,nv_inference_request_summary_us_count,0.87
2025-06-27T10:28:04.042464Z,nv_inference_request_summary_us_count,0.87
2025-06-27T10:29:04.042464Z,nv_inference_request_summary_us_count,1.16
2025-06-27T10:30:04.042464Z,nv_inference_request_summary_us_count,0.93
2025-06-27T10:31:04.042464Z,nv_inference_request_summary_us_count,1.01
2025-06-27T10:32:04.042464Z,nv_inference_request_summary_us_count,0.83
2025-06-27T10:33:04.042464Z,nv_inference_request_summary_us_count,0.84
2025-06-27T10:34:04.042464Z,nv_inference_request_summary_us_count,0.85
2025-06-27T10:35:04.042464Z,nv_inference_request_summary_us_count,0.99
2025-06-27T10:36:04.042464Z,nv_inference_request_summary_us_count,0.91
2025-06-27T10:37:04.042464Z,nv_inference_request_summary_us_count,0.9
2025-06-27T10:38:04.042464Z,nv_inference_request_summary_us_count,0.94
2025-06-27T10:39:04.042464Z,nv_inference_request_summary_us_count,0.86
2025-06-27T10:40:04.042464Z,nv_inference_request_summary_us_count,1.1
2025-06-27T10:41:04.042464Z,nv_inference_request_summary_us_count,0.89
2025-06-27T10:42:04.042464Z,nv_inference_request_summary_us_count,1.12
2025-06-27T10:43:04.042464Z,nv_inference_request_summary_us_count,1.01
2025-06-27T10:44:04.042464Z,nv_inference_request_summary_us_count,1.17
2025-06-27T10:45:04.042464Z,nv_inference_request_summary_us_count,1.07
2025-06-27T10:46:04.042464Z,nv_inference_request_summary_us_count,1.15
2025-06-27T10:47:04.042464Z,nv_inference_request_summary_us_count,1.07
2025-06-27T10:48:04.042464Z,nv_inference_request_summary_us_count,1.03
2025-06-27T10:49:04.042464Z,nv_inference_request_summary_us_count,0.92
2025-06-27T10:50:04.042464Z,nv_inference_request_summary_us_count,0.99
2025-06-27T10:51:04.042464Z,nv_inference_request_summary_us_count,0.99
2025-06-27T10:52:04.042464Z,nv_inference_request_summary_us_count,1.06
2025-06-27T10:53:04.042464Z,nv_inference_request_summary_us_count,0.93
2025-06-27T10:54:04.042464Z,nv_inference_request_summary_us_count,1.07
2025-06-27T10:55:04.042464Z,nv_inference_request_summary_us_count,0.85
2025-06-27T10:06:04.042464Z,nv_inference_request_summary_us_sum,110502.03
2025-06-27T10:07:04.042464Z,nv_inference_request_summary_us_sum,146744.47
2025-06-27T10:08:04.042464Z,nv_inference_request_summary_us_sum,152864.36
2025-06-27T10:09:04.042464Z,nv_inference_request_summary_us_sum,133324.46
2025-06-27T10:10:04.042464Z,nv_inference_request_summary_us_sum,135328.39
2025-06-27T10:11:04.042464Z,nv_inference_request_summary_us_sum,146453.26
2025-06-27T10:12:04.042464Z,nv_inference_request_summary_us_sum,158079.91
2025-06-27T10:13:04.042464Z,nv_inference_request_summary_us_sum,128498.98
2025-06-27T10:14:04.042464Z,nv_inference_request_summary_us_sum,124149.58
2025-06-27T10:15:04.042464Z,nv_inference_request_summary_us_sum,112933.57
2025-06-27T10:16:04.042464Z,nv_inference_request_summary_us_sum,152743.19
2025-06-27T10:17:04.042464Z,nv_inference_request_summary_us_sum,143295.36
2025-06-27T10:18:04.042464Z,nv_inference_request_summary_us_sum,117012.18
2025-06-27T10:19:04.042464Z,nv_inference_request_summary_us_sum,151221.11
2025-06-27T10:20:04.042464Z,nv_inference_request_summary_us_sum,138714.68
2025-06-27T10:21:04.042464Z,nv_inference_request_summary_us_sum,120435.25
2025-06-27T10:22:04.042464Z,nv_inference_request_summary_us_sum,159402.92
2025-06-27T10:23:04.042464Z,nv_inference_request_summary_us_sum,143469.73
2025-06-27T10:24:04.042464Z,nv_inference_request_summary_us_sum,108142.47
2025-06-27T10:25:04.042464Z,nv_inference_request_summary_us_sum,109978.3
2025-06-27T10:26:04.042464Z,nv_inference_request_summary_us_sum,112083.84
2025-06-27T10:27:04.042464Z,nv_inference_request_summary_us_sum,126801.65
2025-06-27T10:28:04.042464Z,nv_inference_request_summary_us_sum,133607.52
2025-06-27T10:29:04.042464Z,nv_inference_request_summary_us_sum,135876.39
2025-06-27T10:30:04.042464Z,nv_inference_request_summary_us_sum,157459.87
2025-06-27T10:31:04.042464Z,nv_inference_request_summary_us_sum,144604.72
2025-06-27T10:32:04.042464Z,nv_inference_request_summary_us_sum,113973.13
2025-06-27T10:33:04.042464Z,nv_inference_request_summary_us_sum,151385.27
2025-06-27T10:34:04.042464Z,nv_inference_request_summary_us_sum,141643.41
2025-06-27T10:35:04.042464Z,nv_inference_request_summary_us_sum,142031.88
2025-06-27T10:36:04.042464Z,nv_inference_request_summary_us_sum,118785.3
2025-06-27T10:37:04.042464Z,nv_inference_request_summary_us_sum,140796.7
2025-06-27T10:38:04.042464Z,nv_inference_request_summary_us_sum,129528.94
2025-06-27T10:39:04.042464Z,nv_inference_request_summary_us_sum,143478.21
2025-06-27T10:40:04.042464Z,nv_inference_request_summary_us_sum,128882.14
2025-06-27T10:41:04.042464Z,nv_inference_request_summary_us_sum,123507.29
2025-06-27T10:42:04.042464Z,nv_inference_request_summary_us_sum,118060.58
2025-06-27T10:43:04.042464Z,nv_inference_request_summary_us_sum,128419.54
2025-06-27T10:44:04.042464Z,nv_inference_request_summary_us_sum,156545.23
2025-06-27T10:45:04.042464Z,nv_inference_request_summary_us_sum,111415.41
2025-06-27T10:46:04.042464Z,nv_inference_request_summary_us_sum,119688.58
2025-06-27T10:47:04.042464Z,nv_inference_request_summary_us_sum,133922.31
2025-06-27T10:48:04.042464Z,nv_inference_request_summary_us_sum,155635.03
2025-06-27T10:49:04.042464Z,nv_inference_request_summary_us_sum,108111.63
2025-06-27T10:50:04.042464Z,nv_inference_request_summary_us_sum,123657.33
2025-06-27T10:51:04.042464Z,nv_inference_request_summary_us_sum,141720.79
2025-06-27T10:52:04.042464Z,nv_inference_request_summary_us_sum,143505.69
2025-06-27T10:53:04.042464Z,nv_inference_request_summary_us_sum,153756.42
2025-06-27T10:54:04.042464Z,nv_inference_request_summary_us_sum,123499.06
2025-06-27T10:55:04.042464Z,nv_inference_request_summary_us_sum,159500.72
